{"cameraMode":{"drawMode":0,"name":"Shaded","section":"Shading Mode"},"sceneLighting":false,"audioPlay":false,"sceneViewState":{"m_AlwaysRefresh":false,"showFog":true,"showSkybox":false,"showFlares":true,"showImageEffects":true,"showParticleSystems":true,"showVisualEffectGraphs":true,"m_FxEnabled":true},"in2DMode":false,"pivot":{"x":-0.8306437730789185,"y":0.8082571029663086,"z":2.8644497394561769},"rotation":{"x":-0.007238002028316259,"y":-0.9921399354934692,"z":0.06887569278478623,"w":-0.10426744818687439},"size":1.0446860790252686,"orthographic":false}