{"cameraMode":{"drawMode":0,"name":"Shaded","section":"Shading Mode"},"sceneLighting":false,"audioPlay":false,"sceneViewState":{"m_AlwaysRefresh":false,"showFog":true,"showSkybox":false,"showFlares":true,"showImageEffects":true,"showParticleSystems":true,"showVisualEffectGraphs":true,"m_FxEnabled":true},"in2DMode":false,"pivot":{"x":0.6095938682556152,"y":1.6762475967407227,"z":0.9019169807434082},"rotation":{"x":-0.14654596149921418,"y":0.057890359312295917,"z":-0.008421145379543305,"w":-0.9875369668006897},"size":12.12435531616211,"orthographic":false}