{"cameraMode":{"drawMode":0,"name":"Shaded","section":"Shading Mode"},"sceneLighting":true,"audioPlay":false,"sceneViewState":{"m_AlwaysRefresh":false,"showFog":true,"showSkybox":true,"showFlares":true,"showImageEffects":true,"showParticleSystems":true,"showVisualEffectGraphs":true,"m_FxEnabled":true},"in2DMode":false,"pivot":{"x":0.22999954223632813,"y":2.5199999809265138,"z":-0.07511234283447266},"rotation":{"x":-0.19834928214550019,"y":-0.7467997074127197,"z":0.2548298239707947,"w":-0.5814321041107178},"size":19.995929718017579,"orthographic":false}