{"cameraMode":{"drawMode":0,"name":"Shaded","section":"Shading Mode"},"sceneLighting":true,"audioPlay":false,"sceneViewState":{"m_AlwaysRefresh":false,"showFog":true,"showSkybox":true,"showFlares":true,"showImageEffects":true,"showParticleSystems":true,"showVisualEffectGraphs":true,"m_FxEnabled":true},"in2DMode":false,"pivot":{"x":17.599605560302736,"y":0.6184148788452148,"z":-2.940000057220459},"rotation":{"x":0.1812000423669815,"y":0.6947486996650696,"z":-0.18822194635868073,"w":0.6702501773834229},"size":0.7962285280227661,"orthographic":false}