{"cameraMode":{"drawMode":0,"name":"Shaded","section":"Shading Mode"},"sceneLighting":true,"audioPlay":false,"sceneViewState":{"m_AlwaysRefresh":false,"showFog":true,"showSkybox":true,"showFlares":true,"showImageEffects":true,"showParticleSystems":true,"showVisualEffectGraphs":true,"m_FxEnabled":true},"in2DMode":false,"pivot":{"x":1.2417047023773194,"y":1.3870162963867188,"z":1.2121089696884156},"rotation":{"x":-0.14121557772159577,"y":0.7491199970245361,"z":-0.16932854056358338,"w":-0.6246842741966248},"size":0.7446863055229187,"orthographic":false}