{"cameraMode":{"drawMode":0,"name":"Shaded","section":"Shading Mode"},"sceneLighting":false,"audioPlay":false,"sceneViewState":{"m_AlwaysRefresh":false,"showFog":true,"showSkybox":false,"showFlares":true,"showImageEffects":true,"showParticleSystems":true,"showVisualEffectGraphs":true,"m_FxEnabled":true},"in2DMode":false,"pivot":{"x":8.199999809265137,"y":1.8580000400543213,"z":-0.7279999852180481},"rotation":{"x":0.05118183419108391,"y":-0.9301560521125794,"z":0.3345983922481537,"w":0.14228396117687226},"size":0.8660256266593933,"orthographic":false}