{"cameraMode":{"drawMode":0,"name":"Shaded","section":"Shading Mode"},"sceneLighting":false,"audioPlay":false,"sceneViewState":{"m_AlwaysRefresh":false,"showFog":true,"showSkybox":false,"showFlares":true,"showImageEffects":true,"showParticleSystems":true,"showVisualEffectGraphs":true,"m_FxEnabled":true},"in2DMode":false,"pivot":{"x":-14.420818328857422,"y":7.2689690589904789,"z":-12.203458786010743},"rotation":{"x":0.14806796610355378,"y":0.8487961292266846,"z":-0.31688517332077029,"w":0.39660176634788515},"size":9.424342155456543,"orthographic":false}