{"cameraMode":{"drawMode":0,"name":"Shaded","section":"Shading Mode"},"sceneLighting":false,"audioPlay":false,"sceneViewState":{"m_AlwaysRefresh":false,"showFog":true,"showSkybox":false,"showFlares":true,"showImageEffects":true,"showParticleSystems":true,"showVisualEffectGraphs":true,"m_FxEnabled":true},"in2DMode":false,"pivot":{"x":-0.07846415042877197,"y":0.3527979850769043,"z":1.0888656377792359},"rotation":{"x":0.21173416078090669,"y":-0.7495720386505127,"z":0.2836659252643585,"w":0.559364378452301},"size":1.4728739261627198,"orthographic":false}