{"cameraMode":{"drawMode":0,"name":"Shaded","section":"Shading Mode"},"sceneLighting":false,"audioPlay":false,"sceneViewState":{"m_AlwaysRefresh":false,"showFog":true,"showSkybox":false,"showFlares":true,"showImageEffects":true,"showParticleSystems":true,"showVisualEffectGraphs":true,"m_FxEnabled":true},"in2DMode":false,"pivot":{"x":0.6389256715774536,"y":1.2731654644012452,"z":0.5968924164772034},"rotation":{"x":-0.016447274014353753,"y":-0.9831518530845642,"z":0.1413745880126953,"w":-0.1149606928229332},"size":1.7660253047943116,"orthographic":false}