{"cameraMode":{"drawMode":0,"name":"Shaded","section":"Shading Mode"},"sceneLighting":false,"audioPlay":false,"sceneViewState":{"m_AlwaysRefresh":false,"showFog":true,"showSkybox":false,"showFlares":true,"showImageEffects":true,"showParticleSystems":true,"showVisualEffectGraphs":true,"m_FxEnabled":true},"in2DMode":false,"pivot":{"x":0.4197114408016205,"y":0.5320578813552856,"z":0.9099068641662598},"rotation":{"x":-0.3232789933681488,"y":-0.3733576536178589,"z":0.14070425927639008,"w":-0.8581070899963379},"size":0.9999968409538269,"orthographic":false}