{"cameraMode":{"drawMode":0,"name":"Shaded","section":"Shading Mode"},"sceneLighting":false,"audioPlay":false,"sceneViewState":{"m_AlwaysRefresh":false,"showFog":true,"showSkybox":false,"showFlares":true,"showImageEffects":true,"showParticleSystems":true,"showVisualEffectGraphs":true,"m_FxEnabled":true},"in2DMode":false,"pivot":{"x":-14.333612442016602,"y":15.294631958007813,"z":9.796308517456055},"rotation":{"x":0.14365245401859284,"y":0.14724048972129823,"z":-0.021869264543056489,"w":0.9784538745880127},"size":16.448652267456056,"orthographic":false}