{"cameraMode":{"drawMode":0,"name":"Shaded","section":"Shading Mode"},"sceneLighting":false,"audioPlay":false,"sceneViewState":{"m_AlwaysRefresh":false,"showFog":true,"showSkybox":false,"showFlares":true,"showImageEffects":true,"showParticleSystems":true,"showVisualEffectGraphs":true,"m_FxEnabled":true},"in2DMode":false,"pivot":{"x":0.6247119903564453,"y":3.2433643341064455,"z":-0.11243295669555664},"rotation":{"x":-0.012448876164853573,"y":0.9754605889320374,"z":-0.21281148493289948,"w":-0.05618990957736969},"size":14.420775413513184,"orthographic":false}