{"cameraMode":{"drawMode":0,"name":"Shaded","section":"Shading Mode"},"sceneLighting":false,"audioPlay":false,"sceneViewState":{"m_AlwaysRefresh":false,"showFog":true,"showSkybox":false,"showFlares":true,"showImageEffects":true,"showParticleSystems":true,"showVisualEffectGraphs":true,"m_FxEnabled":true},"in2DMode":false,"pivot":{"x":0.11659564077854157,"y":-0.5038471221923828,"z":0.5876753330230713},"rotation":{"x":-0.15896070003509522,"y":-0.3937239944934845,"z":0.06935346126556397,"w":-0.9027420878410339},"size":2.705284357070923,"orthographic":false}