{"cameraMode":{"drawMode":0,"name":"Shaded","section":"Shading Mode"},"sceneLighting":false,"audioPlay":false,"sceneViewState":{"m_AlwaysRefresh":false,"showFog":true,"showSkybox":false,"showFlares":true,"showImageEffects":true,"showParticleSystems":true,"showVisualEffectGraphs":true,"m_FxEnabled":true},"in2DMode":false,"pivot":{"x":-0.061875343322753909,"y":-0.01624917984008789,"z":-0.572216272354126},"rotation":{"x":0.05118183419108391,"y":-0.9301560521125794,"z":0.3345983922481537,"w":0.14228396117687226},"size":4.148257732391357,"orthographic":false}